district_id,domain_name
100390,bhamcityschools.org
100540,ccboe.us
101050,dalecountyboe.org
101290,elmoreco.com
102430,mps.k12.al.us
200001,lksd.org
200003,lysd.org
200020,bssd.org
200030,bbbsd.net
200130,galenanet.com
200150,k21schools.org
200180,asdk12.org
200210,juneauschools.org
200240,sitkaschools.org
200390,kpbsd.k12.ak.us
200480,kibsd.org
200485,lpsd.com
200510,matsuk12.us
200540,nenanalynx.org
200600,k12northstar.org
200610,nsbsd.org
200625,nwarctic.org
200730,chathamsd.org
200775,yfsd.org
200800,chugachschools.com
200862,yksd.com
345985,sjsdg.org
401012,colearn.com
401050,balsz.org
405930,pvschools.net
407570,susd.org
407750,dvusd.org
409160,wusd.us
409250,wusd13.org
425147,mbttcm.org
500023,newportschools.org
502700,baldknobschools.org
502820,bay.k12.ar.us
502960,bentonschools.org
503710,bicschools.net
508610,lhwolves.net
539981,tchs.net
600061,riverbank.k12.ca.us
601620,abcusd.us
601694,laalliance.org
601757,suncoastprep.org
601770,alamedaunified.org
602160,alsd.org
602469,bigsurcharterschool.org
604740,berkeley.net
605580,smbsd.net
606580,bvalusd.org
607530,carmelunified.org
607800,cv.k12.ca.us
609030,clovisusd.k12.ca.us
609480,cusd49.com
609850,cnusd.k12.ca.us
610290,cusdk8.org
612090,emcsd.org
612150,elnido.k12.ca.us
614070,fbusd.us
614370,dahl.fmsd.org
614880,ggusd.us
619200,junctionesd.net
620130,lcusd.net
622710,lausd.net
622830,lgusd.org
623160,mylusd.org
625470,montebello.k12.ca.us
625530,mpusd.k12.ca.us
625800,mvusd.net
628650,orangeusd.org
630330,piedmont.k12.ca.us
631470,pvsd.net
632130,rcsdk8.net
633150,riversideunified.org
633930,salinascity.k12.ca.us
634170,sbcusd.k12.ca.us
634440,sanjacinto.k12.ca.us
634680,slusd.us
634740,slvusd.org
635430,scusd.net
636600,suhsd.net
637050,soledad.k12.ca.us
637950,stancoe.org
638010,stocktonusd.net
641160,vusd.org
691027,scoe.net
691034,sbceo.org
691036,santacruzcoe.org
691044,tcoek12.org
803360,dpsk12.net
804260,rfschools.com
806030,peetzschool.org
806120,pueblod60.org
806870,telluride.k12.co.us
867902,stjoes.org
900210,berlinschools.org
900270,bethel.k12.ct.us
901170,eastgranby.k12.ct.us
901920,hartfordschools.org
902580,montvilleschools.org
902670,csdnb.org
902700,ncps-k12.org
903090,norwalkps.org
903300,plainvilleschools.org
903537,region15.org
904320,stamfordct.gov
904740,wallingfordschools.org
925092,olqm-parish.org
1001240,bsd.k12.de.us
1011157,providenceday.org
1100030,k12.dc.gov
1200180,browardschools.com
1200390,dadeschools.net
1200480,duvalschools.org
1200810,hcsb.k12.fl.us
1201200,mcsbfl.us
1201230,manateeschools.net
1201440,ocps.net
1201500,palmbeachschools.org
1201620,putnamschools.org
1201740,stjohns.k12.fl.us
1201920,volusia.k12.fl.us
1295669,favikings.org
1300232,georgiacyber.org
1301260,clinchcounty.com
1301680,csdecatur.net
1301710,dcboe.com
1301830,docoschools.org
1301980,effingham.k12.ga.us
1302280,fultonschools.org
1303000,jeff-davis.k12.ga.us
1303930,newton.k12.ga.us
1304530,seminole.k12.ga.us
1305220,twiggs.k12.ga.us
1305859,zestprep.org
1323654,stjoseph-school.org
1500030,k12.hi.us
1600060,sd381.k12.id.us
1600300,blaineschools.org
1600510,caldwellschools.org
1601860,lewistonschools.net
1602640,sd25.us
1615217,salemchristian.org
1641054,ambassadornj.org
1647828,calvary-academy.com
1704920,chathamschools.org
1705430,beecher200u.org
1708430,cusd1.com
1713560,unit40.org
1713710,u-46.org
1717520,d46.org
1718840,hcusd2.org
1730300,oes141.org
1731140,pembroke.k12.il.us
1734100,rivertonschools.org
1734440,rr300.org
1736300,dist159.com
1800042,nhaschools.com
1800067,imsaindy.org
1800630,mccsc.edu
1801440,centergrove.k12.in.us
1802550,danville.k12.in.us
1802910,lakes.k12.in.us
1803630,fwcs.k12.in.us
1803750,ftcsc.org
1804170,griffith.k12.in.us
1804350,hanover.k12.in.us
1805190,jcsc.org
1805700,lburg.k12.in.us
1805880,libertyperry.org
1805910,lssc.k12.in.us
1806120,madison.k12.in.us
1806390,marion.k12.in.us
1807020,cowan.k12.in.us
1807290,mvschool.org
1808970,plainfield.k12.in.us
1810590,svcs.k12.in.us
1810900,swparke.k12.in.us
1905750,northiowa.org
1906540,crschools.us
1908910,denisoncsd.org
1909480,dbqschools.org
1912480,george-littlerock.org
1914640,indianola.k12.ia.us
1914700,iowacityschools.org
1919140,mphawks.org
1921840,osage.k12.ia.us
1924575,hcadickinson.org
1926400,live.siouxcityschools.com
1926790,southwinn.com
1931920,woodbine.k12.ia.us
2009420,usd226.org
2012000,bluevalleyk12.org
2012120,usd299.org
2012990,usd259.net
2101470,daviesskyschools.org
2102990,jefferson.kyschools.us
2103750,magoffin.kyschools.us
2105040,robertson.kyschools.us
2200030,acadia.k12.la.us
2200039,zacharyschools.org
2200040,bakerschools.org
2200053,theacsa.org
2200060,allen.k12.la.us
2200090,apsb.org
2200120,assumptionschools.com
2200125,centralcss.org
2200150,avoyellespsb.com
2200180,beau.k12.la.us
2200203,morrisjeffschool.org
2200210,bpsb.us
2200213,lakeyacademy.com
2200231,acadianacharter.org
2200240,bogschools.org
2200247,deltacs.org
2200270,bossierschools.org
2200297,willowschoolnola.org
2200300,caddoschools.org
2200330,cpsb.org
2200360,caldwelledu.org
2200390,camsch.org
2200420,cpsbla.org
2200450,nls.k12.la.us
2200480,cpsbla.us
2200510,desotopsb.com
2200540,erbschools.org
2200570,la02201178.schoolwires.net
2200600,efpsb.k12.la.us
2200630,epsb.com
2200660,fpsb.us
2200690,gpsb.org
2200720,iberiaschools.org
2200750,ipsb.net
2200780,jpsb.us
2200810,jdpsbk12.org
2200840,jpschools.org
2200900,lpsd.k12.la.us
2200960,lasallepsb.com
2200990,lincolnschools.org
2201020,lpsb.org
2201050,madisonpsb.org
2201080,mcschools.net
2201110,mpsb.us
2201140,nat.k12.la.us
2201200,opsb.net
2201230,ppsb.org
2201260,pcpsb.net
2201290,rpsb.us
2201320,rrbulldogs.com
2201350,richland.k12.la.us
2201380,sabine.k12.la.us
2201410,sbpsb.org
2201440,stcharles.k12.la.us
2201470,sthpk-12.net
2201500,stjames.k12.la.us
2201530,stjohn.k12.la.us
2201560,slpsb.org
2201590,saintmartin.schooldesk.net
2201620,stmaryk12.net
2201650,stpsb.org
2201680,tangischools.org
2201710,tensasedu.org
2201740,tpsb.net
2201770,unionparishschools.org
2201800,vpsb.net
2201830,vpsb.k12.la.us
2201860,wpsb.info
2201890,websterpsb.org
2201920,wbrschools.net
2201950,wcpsb.com
2201980,wfpsb.org
2202010,winnpsb.org
2280104,discoveryhsf.org
2280105,kenilworthst.org
2306160,aos93.org
2400090,bcps.k12.md.us
2400270,ccboe.com
2400360,garrettcountyschools.org
2400480,mcpsmd.org
2400660,wcps.k12.md.us
2400720,worcesterk12.org
2500028,sics.org
2500560,smecollaborative.org
2502580,bbrsd.org
2502820,bourneps.org
2504410,duxbury.k12.ma.us
2505400,granbyschoolsma.net
2506480,ipsk12.net
2507500,maynard.k12.ma.us
2507620,melroseschools.com
2508340,natickps.org
2508370,needham.k12.ma.us
2509720,plymouth.k12.ma.us
2511340,sudbury.k12.ma.us
2600006,bessemer.k12.mi.us
2600015,wwcsd.net
2600255,atafordpas.org
2601103,detroitk12.org
2604470,mybedford.us
2609570,chippewavalleyschools.org
2609900,clarkston.k12.mi.us
2616440,grps.org
2618840,hudsonvillepublicschools.org
2618930,huronschools.com
2620070,kearsleyschools.org
2621150,lansingschools.net
2623250,mattawanschools.org
2623610,merrillschools.org
2624840,mpsk12.net
2625560,nilesschools.org
2632220,solake.org
2632670,lsps.org
2633840,trschools.org
2633870,tcaps.net
2634260,troy.k12.mi.us
2634470,uticak12.org
2635460,watervlietps.org
2636060,whitecloud.net
2700001,isd712.org
2700007,kingsland.k12.mn.us
2700008,isd2142.net
2700420,swmetro288.org
2702730,isd511.net
2702970,alschools.org
2703450,austin.k12.mn.us
2704050,belleplaine.k12.mn.us
2705790,bloomington.k12.mn.us
2706240,bccs286.org
2707290,isd191.org
2711250,edinaschools.org
2712300,fosston.k12.mn.us
2714220,edenpr.org
2716980,komets.k12.mn.us
2718750,mahtomedi.k12.mn.us
2718780,isd77.org
2718960,martin.k12.mn.us
2721420,isd152.org
2723580,isd507.k12.mn.us
2723850,isd622.org
2725200,district279.org
2730030,isd477.org
2731800,rochesterschools.org
2733000,shakopee.k12.mn.us
2733810,sowashco.org
2738850,myprowler.org
2741060,wabasha-kellogg.k12.mn.us
2742160,wayzataschools.org
2745735,zmsch.k12.mn.us
2800187,sunflower.k12.ms.us
2800195,holmesccsd.org
2800197,ambitionprep.org
2800870,calhounk12.com
2801140,coffeevilleschools.org
2802400,lamark12.org
2802700,louisville.k12.ms.us
2803180,nmsd.us
2803210,northpanolaschools.org
2803510,pc.k12.ms.us
2803630,pcu.k12.ms.us
2803780,qsdk12.org
2804650,wtsd.k12.ms.us
2804802,iigpcs.org
2904620,beltonschools.org
2909900,colecamp.k12.mo.us
2911550,coler-v.k12.mo.us
2912010,fergflor.org
2912290,fortosage.net
2913320,greenfieldr4.org
2915480,isdschools.org
2915510,ironc4.com
2921000,millerschools.org
2923700,psdr3.org
2923730,raypec.k12.mo.us
2925210,plato.k12.mo.us
2925640,putnamcountyr1.net
2926670,rgsd.k12.mo.us
2926850,rsdmo.org
2928380,smithton.k12.mo.us
2928470,sipanthers.k12.mo.us
2928920,stcharlessd.org
2929280,slps.org
2930660,ucityschools.org
2931650,wsdr4.org
3100016,gips.org
3100070,amherstbroncos.org
3100076,sstrojans.org
3100122,sandycreek.us
3103120,apshuskies.org
3103130,apseagles.org
3103540,battlecreekschools.net
3103810,bellevuepublicschools.org
3104950,rcentral.org
3105460,cozadschools.net
3170110,elkhornweb.org
3170710,fremonttigers.org
3171220,gpsne.org
3171580,hpstigers.org
3171610,hshawks.com
3171820,hpspanthers.org
3172810,lexschools.org
3172840,lps.org
3173440,maywoodtigers.org
3174580,ginorthwest.org
3175510,piercebluejays.org
3176860,ssccardinals.org
3178240,wakefieldschools.org
3178660,westside66.org
3200001,alpineacademy.net
3200060,nv.ccsd.net
3200120,ecsdnv.net
3200210,hcsdnv.com
3200270,lcsdnv.com
3200300,lyoncsd.org
3200360,nyeschools.org
3302610,sau10.org
3302990,sau60.org
3305310,sau43.org
3305820,sau52.org
3307360,pinkertonacademy.org
3400070,kippnj.org
3400078,leap.rutgers.edu
3400744,bbprepcs.com
3401260,bboed.org
3401290,beachhavenschool.com
3401830,bloomfield.k12.nj.us
3402730,capemaytech.com
3403000,chclc.org
3403360,ctsdnj.org
3404020,dunellenschools.org
3404170,easthanoverschools.org
3404380,eccrsd.us
3405970,glenrocknj.org
3406330,gogarnets.com
3406540,htsdnj.org
3406660,hpreg.org
3407230,htps.us
3407950,kpsdschools.org
3408040,kinnelon.org
3408430,lebanonschool.org
3408520,leoniaschools.org
3409000,lopatcongschool.org
3409030,lacschool.org
3410080,mcmsnj.net
3410140,mpsnj.org
3410200,millburn.org
3410380,mbschool.org
3410560,montclair.k12.nj.us
3411220,nbpsnj.net
3411340,nps.k12.nj.us
3411610,nhvweb.net
3411970,ocsdnj.org
3413140,plainfield.k12.nj.us
3414400,rumsonfairhaven.org
3415090,somervilleschools.org
3415210,sbschools.org
3415630,springfieldschools.com
3416470,barnegatschools.com
3416650,upperschools.org
3416710,vtsd.com
3417130,wtschools.org
3418120,woodbridge.k12.nj.us
3500010,rrps.net
3500660,cuba.k12.nm.us
3500930,emsdbears.us
3501500,lcps.net
3600137,manhattancharterschool.org
3600153,schools.nyc.gov
3600160,elmwoodvillageschool.org
3601030,hydebronxny.org
3603270,acsdny.org
3607230,ccsd-k12.net
3611740,gananda.org
3612630,greececsd.org
3614430,hffmcsd.org
3616560,lscsd.org
3617380,lufsd.org
3619380,millbrookcsd.org
3620490,nredlearn.org
3621360,nncsk12.org
3621630,omschools.org
3621900,opschools.org
3623220,pobschools.org
3624150,rcscsd.org
3624210,rccsd.org
3624750,rcsdk12.org
3624840,rockypoint.k12.ny.us
3626010,schenectadyschools.org
3627240,sgfcsd.org
3627810,ercsd.org
3628650,tufsd.org
3629280,uniondaleschools.org
3630120,watertowncsd.org
3630660,hanc.org
3630930,mmcsd.org
3680820,esboces.org
3700011,ccs.k12.nc.us
3700012,pitt.k12.nc.us
3700030,abss.k12.nc.us
3700086,arsnc.org
3700089,thesugarcreek.org
3700108,cfci.net
3700121,guilfordprep.org
3700420,bcswan.net
3700450,bcsemail.org
3700472,telra.org
3700477,alajohnston.org
3700480,burke.k12.nc.us
3700530,cabarrus.k12.nc.us
3700630,carteretk12.org
3700780,cherokee.k12.nc.us
3700900,clevelandcountyschools.org
3700960,columbus.k12.nc.us
3701080,currituck.k12.nc.us
3701140,davidson.k12.nc.us
3701170,davie.k12.nc.us
3701200,duplinschools.net
3701260,dpsnc.net
3701500,wsfcs.k12.nc.us
3701530,fcschools.net
3701620,gaston.k12.nc.us
3701920,gcsnc.com
3702010,harnett.k12.nc.us
3702250,hcs.k12.nc.us
3702310,iss.k12.nc.us
3702370,johnston.k12.nc.us
3702880,martin.k12.nc.us
3702970,cms.k12.nc.us
3703090,ncmcs.org
3703270,ncpschools.net
3703330,nhcs.net
3703450,onslow.k12.nc.us
3703570,pender.k12.nc.us
3703930,robeson.k12.nc.us
3703990,rock.k12.nc.us
3704320,stanlycountyschools.org
3704530,tcsnc.org
3704720,wcpss.net
3704740,warrenk12nc.org
3704880,wcps.org
3800018,cavalierk12.org
3800025,kindred.k12.nd.us
3800027,nepstigers.com
3800031,hazen.k12.nd.us
3800036,richland44.com
3800038,dpsnd.org
3800040,dakotaranch.org
3800041,may-portcg.com
3800042,midkotaschools.k12.nd.us
3800059,newrockford-sheyenne.k12.nd.us
3800405,willistonschools.org
3801760,alexanderschoolnd.us
3805040,dlschools.org
3806780,fargo.k12.nd.us
3806910,finleysharonschool.com
3807590,garrison.k12.nd.us
3809570,hillsborok12.com
3811700,maddock.k12.nd.us
3811820,msd1.org
3812540,watford-city.k12.nd.us
3812920,midwayschools.com
3813030,minot.k12.nd.us
3813400,mt-pleasant.k12.nd.us
3813510,napoleon.k12.nd.us
3814340,northwoodk12.com
3814940,parshallps.org
3816430,sargentcentral.org
3816470,sawyer.k12.nd.us
3817570,stanley.k12.nd.us
3818280,tps-k12.org
3818730,dbhs.united.k12.nd.us
3819020,wahpetonschools.org
3819290,washburnk12.org
3819470,westhope.k12.nd.us
3900567,parstem.org
3904348,akronschools.com
3904352,athenscsd.org
3904363,bgcs.k12.oh.us
3904375,cps-k12.org
3904378,clevelandmetroschools.org
3904380,columbus.k12.oh.us
3904395,euclidschools.org
3904418,ketteringschools.org
3904419,lakewoodcityschools.org
3904420,lancaster.k12.oh.us
3904422,limacityschools.org
3904463,parmacityschools.org
3904481,scsdoh.org
3904490,tps.org
3904498,wapak.org
3904504,westerville.k12.oh.us
3904516,ycsd.org
3904517,zanesville.k12.oh.us
3904543,ihsd.us
3904552,montpelier-k12.org
3904558,perrysburgschools.net
3904585,buckeyeschools.info
3904601,ulschools.com
3904613,new-miami.k12.oh.us
3904676,olentangy.k12.oh.us
3904689,plsd.us
3904696,gahannaschools.org
3904699,napls.us
3904700,reyn.org
3904701,hilliardschools.org
3904708,pdys.org
3904734,foresthills.edu
3904737,ohlsd.us
3904813,clearviewschools.org
3904820,anthonywayneschools.org
3904822,springfield-schools.org
3904827,mplsd.org
3904841,elginschools.org
3904844,rvk12.org
3904875,myhhcs.org
3904937,ottawaglandorf.org
3910000,fcs.org
4002760,allenmustangs.org
4004500,bixbyps.org
4005490,baschools.org
4007670,chouteauwildcats.com
4008310,coleman.k12.ok.us
4008850,cowetaps.org
4010590,edmondschools.net
4015720,jenksps.org
4016530,kildare.k12.ok.us
4017250,lawtonps.org
4019440,mpsbuffs.org
4021000,mustangps.org
4021720,normanps.org
4022770,okcps.org
4023280,owassops.org
4023970,piedmontschools.org
4030240,tulsaschools.org
4030600,unionps.org
4031350,wagonerps.org
4032010,wayne.k12.ok.us
4033480,yukonps.com
4103840,culver.k12.or.us
4109720,pineeaglesd.org
4200013,communityacademy.org
4200061,k12pacs.org
4200092,byerschool.org
4203480,berwicksd.org
4208790,easternyork.net
4212170,interborosd.org
4215810,masd.info
4217940,norwinsd.org
4218990,philasd.org
4222620,sdst.org
4224060,union.k12.pa.us
4289310,cliu.org
4400990,smithfield-ps.org
4500720,acpsd.net
4501110,beaufort.k12.sc.us
4501250,ccpsonline.net
4501440,charleston.k12.sc.us
4501770,clarendoncsd.org
4501860,darlington.k12.sc.us
4502700,lexington1.net
4502730,lex2.org
4612300,chester.k12.sd.us
4677460,k12.sd.us
4700001,hcboe.net
4700090,acs.ac
4700148,scsk12.org
4700149,colliervilleschools.org
4700150,millingtonschools.org
4700151,gmsdk12.org
4700153,bartlettschools.org
4700180,bedfordk12tn.net
4700240,bcos.org
4700300,blountk12.org
4700330,bradleyschools.org
4700360,btcs.org
4700420,campbell.k12.tn.us
4700510,carterk12.net
4700570,ccstn.org
4700630,claibornecsd.org
4700750,cocke.k12.tn.us
4700780,k12coffee.net
4700900,ccschools.k12tn.net
4701020,dcstn.org
4701080,dyersburgcityschools.org
4701170,fcsk12.net
4701410,gcboe.us
4701440,gcs123.net
4701470,gcstn.org
4701500,gcschools.net
4701590,hcde.org
4701740,hck12.net
4701800,hcschoolstn.org
4701980,hcss.org
4702130,jcschools.org
4702190,k12k.com
4702220,knoxschools.org
4702340,lcss.us
4702490,lcdoe.org
4702520,loudoncounty.org
4702580,jmcss.org
4702610,k12mcs.net
4702640,mctns.net
4702670,mcstn.net
4702760,mauryk12.org
4702790,mckenzieschools.org
4702820,mcminnschools.com
4702880,mcnairy.org
4702910,meigsgschool.net
4703000,monroek12.org
4703030,cmcss.net
4703090,mcsed.net
4703180,mnps.org
4703240,ortn.edu
4703330,oc-sd.com
4703480,pcsstn.com
4703600,rcstn.net
4703690,rcschools.net
4703720,scottcounty.net
4703780,sevier.org
4703870,smithcoedu.net
4703990,sullivank12.net
4704020,sumnerschools.org
4704080,tipton-county.com
4704290,ucps.org
4704350,warrenschools.com
4704380,wcde.org
4704440,waynetn.net
4704530,wcs.edu
4704550,wcschools.com
4800251,austin.utexas.edu
4800254,westlakeacademy.org
4800292,harmonytx.org
4801431,austinachieve.org
4801435,ekhla.org
4812780,canutillo-isd.org
4814280,ccisd.net
4814400,cliftonisd.org
4815180,lcisd.net
4815240,ccisd.com
4815910,crowley.k12.tx.us
4817700,ems-isd.net
4817880,eastchambers.net
4818000,ectorcountyisd.org
4822140,hallsburgisd.net
4822170,hisd.com
4822770,hawkinsisd.org
4823910,humbleisd.net
4824530,jacksboroisd.net
4827330,lexingtonisd.net
4827870,lockhart.txed.net
4829820,mcgregor-isd.org
4830360,irion-isd.org
4830930,mineolaisd.net
4835730,prairievalleyisd.net
4837650,rockwallisd.org
4839360,srtx.org
4840920,southsideisd.org
4841280,springtownisd.net
4841350,staffordmsd.org
4842570,texlineisd.net
4846680,yisd.net
4899130,benavidesisd.net
4900194,igniteutah.org
4901050,tooeleschools.org
5100152,ahps.k12.va.us
5100870,clarke.k12.va.us
5101470,fcps.org
5101590,gilesk12.net
5102250,lcps.org
5102360,mcpsva.org
5103420,russell.k12.va.us
5103710,spsk12.net
5300030,www.asd5.org
5300347,catalystpublicschools.org
5300390,bsd405.org
5300420,bellinghamschools.org
5301410,cloverpark.k12.wa.us
5302400,edmonds.wednet.edu
5302670,everettsd.org
5302700,evergreenps.org
5302820,fwps.org
5303540,g.highlineschools.org
5303570,hocksd.org
5303750,issaquah.wednet.edu
5304230,lwsd.org
5304860,msvl.k12.wa.us
5305910,nsd.org
5306220,omaksd.org
5307230,rentonschools.us
5307710,seattleschools.org
5307920,ssd412.org
5308020,sno.wednet.edu
5308250,spokaneschools.org
5308700,tacoma.k12.wa.us
5308970,toppenish.wednet.edu
5309660,wenatcheeschools.org
5310110,ysd7.org
5400210,boe.calhoun.k12.wv.us
5400300,boe.faye.k12.wv.us
5400720,www.marionboe.com
5400930,boe.mono.k12.wv.us
5400960,boe.monroe.k12.wv.us
5401230,boe.rale.k12.wv.us
5401320,roaneschools.com
5401380,taylorcountyboe.net
5501470,bonduel.k12.wi.us
5501770,elmbrookschools.org
5501800,browndeerschools.com
5502880,cornell.k12.wi.us
5503060,cudahysd.org
5503690,dodgevilleschools.org
5505220,gibraltar.k12.wi.us
5508790,marshallschools.org
5511640,pewaukeeschools.org
5512330,pulaskischools.org
5513650,sasd.net
5602150,converse2.org
5605302,sw1.k12.wy.us
5605695,scsd2.com
5900114,oneidanation.org
5900128,shontoprep.org
290100002281,cpsk12.org
291619003346,jcschools.us