tutorial_codes,is_internal
algorithmicbias-ai,1
applab-intro,1
aquatic,1
artist,1
basketball,1
basketball,1
big_event,1
chatbotsllm-ai,1
codeintl,1
codeofethics-ai,1
codeorg,1
computervision-ai,1
dance-2019,1
dance-ai-2023,1
dance-extras-2019,1
dance-extras,1
dance,1
disney_static_starwars,1
disney_static_starwarsblocks,1
flappy,1
frozen,1
generativeimages-ai,1
getting_loopy,1
graph_paper_programming,1
gumball,1
happy_maps,1
hello-world-animals-2021,1
hello-world-emoji-2021,1
hello-world-food-2021,1
hello-world-retro-2021,1
hello-world-soccer-2022,1
hello-world-space-2022,1
hello-world,1
hero,1
hoc-encryption,1
hourofcode,1
iceage,1
infinity,1
introtoml-ai,1
mc,1
minecraft,1
minecraft,1
move_it,1
music-jam-2024,1
neuralnetworks-ai,1
oceans,1
outbreak,1
persistence,1
playlab,1
poem_art,1
poem-art-2021,1
russia_mc,1
socimpactofgenai-ai,1
sports,1
starwarsblocks,1
starwarsblocks,1
static_mc,1
static_starwars,1
static_starwarsblocks,1
sw,1
text-compression,1